GROUP,PACKAGE,CLASS,INSTRUCTION_MISSED,INSTRUCTION_COVERED,BRANCH_MISSED,BRANCH_COVERED,LINE_MISSED,LINE_COVERED,COMPLEXITY_MISSED,COMPLEXITY_COVERED,METHOD_MISSED,METHOD_COVERED
shopping-cart,io.mohsinkd786.dao,OrderDao,26,8,2,0,4,2,5,1,4,1
shopping-cart,io.mohsinkd786,A,3,0,0,0,1,0,1,0,1,0
shopping-cart,io.mohsinkd786,Hello,12,0,2,0,5,0,4,0,3,0
shopping-cart,io.mohsinkd786.checkout,OrderProcessingService,9,54,1,1,4,16,4,8,3,8
shopping-cart,io.mohsinkd786.checkout,OrderServiceImpl,11,0,0,0,4,0,2,0,2,0
shopping-cart,io.mohsinkd786.checkout,CardPayment,5,0,0,0,2,0,2,0,2,0
shopping-cart,io.mohsinkd786.checkout,UpiPayment,5,0,0,0,2,0,2,0,2,0
shopping-cart,io.mohsinkd786.checkout,CODPayment,0,8,0,0,0,3,0,2,0,2
shopping-cart,io.mohsinkd786.dtos,Order,6,32,0,0,2,14,2,9,2,9
